Date,"Michael Jackson","Lady Gaga","Eminem","Justin Bieber","Freddie Mercury","Lil Wayne"
2015-07-01,19972,8465,23193,11212,49040,14055
2015-07-02,19225,8209,37222,11419,29783,13463
2015-07-03,18813,7855,26665,10973,23307,13176
2015-07-04,19003,8037,21772,10816,19240,32271
2015-07-05,19765,8879,21131,10737,17166,30900
2015-07-06,20621,8187,21407,11675,16976,30294
2015-07-07,19211,8292,20295,14246,14929,25253
2015-07-08,21783,8627,19430,13780,18793,25403
2015-07-09,19010,8845,19640,12273,15340,23073
2015-07-10,19506,9079,20128,11331,16235,23376
2015-07-11,19027,8729,20648,11342,21364,21447
2015-07-12,19796,9461,20161,11530,18439,18354
2015-07-13,19183,9869,21423,11407,17003,18630
2015-07-14,18438,9749,20860,12439,14321,19795
2015-07-15,17751,8998,21813,13836,11839,15582
2015-07-16,18671,8267,20711,12025,11626,23195
2015-07-17,17524,7901,20138,12833,11843,24902
2015-07-18,20815,8455,21482,11392,12815,18873
2015-07-19,18342,9390,20072,11583,13581,16363
2015-07-20,17705,9775,20947,11252,11826,15352
2015-07-21,17420,8674,26176,10876,11280,15971
2015-07-22,17033,9335,22903,11401,10468,17808
2015-07-23,18055,9024,24915,10721,10565,15778
2015-07-24,19981,8767,30395,10808,11892,15207
2015-07-25,20547,9632,30039,10205,13957,13654
2015-07-26,20685,11708,24464,10645,13739,14094
2015-07-27,24974,10944,22467,10789,13808,16019
2015-07-28,19863,14214,20979,10860,10872,15245
2015-07-29,23499,10015,22875,12542,10324,17609
2015-07-30,18426,11356,23958,11485,10568,15299
2015-07-31,17691,8760,23042,11193,11234,14957
2015-08-01,22353,9951,23111,11046,52029,13554
2015-08-02,19363,10980,24622,11066,32608,12844
2015-08-03,16706,9369,26170,10771,15874,11978
2015-08-04,17747,9324,28847,11434,12053,13575
2015-08-05,19013,8726,21901,10854,11409,13252
2015-08-06,18878,8179,22091,10963,10277,17019
2015-08-07,18611,8649,25619,11081,10862,13416
2015-08-08,20011,9053,25874,10785,14126,13049
2015-08-09,21661,8894,40460,11768,12077,13615
2015-08-10,19022,8761,22808,10486,10128,13002
2015-08-11,17699,8550,23999,10577,9967,12734
2015-08-12,18370,8122,23972,11099,9519,12732
2015-08-13,20790,10123,24339,11098,10045,14376
2015-08-14,19997,9592,26793,11276,12246,12534
2015-08-15,18580,9351,27397,11078,13109,12700
2015-08-16,19968,9662,29114,11495,13720,12487
2015-08-17,19496,9212,32429,11106,10995,12676
2015-08-18,19013,9096,31700,11065,10923,12503
2015-08-19,18180,9193,28812,10884,11166,11749
2015-08-20,20772,9957,26801,10714,11896,12679
2015-08-21,17966,10026,26519,11054,10884,12114
2015-08-22,21005,9079,28458,11501,11172,11777
2015-08-23,20604,10680,28111,13454,12261,12320
2015-08-24,18860,9467,27730,12386,10872,14376
2015-08-25,19016,9181,25341,13784,11194,13678
2015-08-26,20080,8724,24413,13003,10305,12545
2015-08-27,19446,8971,23128,17724,15483,12664
2015-08-28,22393,8798,24621,27694,11972,12884
2015-08-29,60176,8511,26650,26888,13938,13126
2015-08-30,43844,9281,28526,22613,16604,12556
2015-08-31,23811,10265,27682,65619,14381,12701
2015-09-01,20839,9052,24793,33319,11897,11981
2015-09-02,17910,7890,23428,26954,11254,12052
2015-09-03,18072,7960,23962,37510,11042,11534
2015-09-04,18189,7838,24875,32752,27003,11633
2015-09-05,19154,8207,26421,28366,52381,11685
2015-09-06,19619,8528,27107,25213,34132,11890
2015-09-07,19408,8368,26518,22387,21147,12106
2015-09-08,19968,8050,24757,21319,15323,11128
2015-09-09,17156,7568,23061,21869,18464,11228
2015-09-10,17581,8363,24343,25339,14207,11320
2015-09-11,17543,9072,23751,21943,14253,10736
2015-09-12,19752,9008,24273,22632,15151,10612
2015-09-13,19612,9099,25447,21638,13715,10736
2015-09-14,17058,7990,23731,19530,13172,10664
2015-09-15,16651,8285,21804,18953,17817,12540
2015-09-16,17701,8183,21309,17884,18637,11454
2015-09-17,17652,8054,21487,17194,14198,10872
2015-09-18,18934,12684,21976,17166,13838,10378
2015-09-19,18233,15032,22369,17944,18413,10991
2015-09-20,20353,14692,24337,18047,14477,11042
2015-09-21,18506,21964,20615,15697,12215,11735
2015-09-22,17947,13040,20670,15929,15124,11539
2015-09-23,17761,12332,21234,16457,13845,11423
2015-09-24,19137,10574,23152,15506,13104,13053
2015-09-25,17998,9778,22764,16365,11825,12402
2015-09-26,18147,10766,20365,16279,12224,12080
2015-09-27,18936,10636,20110,17403,11972,15573
2015-09-28,17662,9311,19227,17557,10396,13492
2015-09-29,20680,9861,19075,26039,10046,11298
2015-09-30,20901,11524,19632,18642,10196,12276
2015-10-01,18743,9900,19305,15771,10501,10897
2015-10-02,20462,10864,21105,17252,10966,11369
2015-10-03,21823,11162,20773,17853,10977,10954
2015-10-04,19825,13304,23140,17103,10223,11172
2015-10-05,18323,14579,21874,15343,9213,11210
2015-10-06,17885,13469,20702,15445,9106,11230
2015-10-07,19617,25800,19905,17937,8962,11575
2015-10-08,19086,38024,26355,23174,10399,12011
2015-10-09,18079,22960,24788,26716,10930,12140
2015-10-10,22056,18334,20681,25012,11582,12102
2015-10-11,27314,16280,20241,22164,11359,11383
2015-10-12,18860,15613,20191,19369,10861,13425
2015-10-13,19373,14822,20151,17537,9475,12351
2015-10-14,17611,13372,19271,16297,9554,12073
2015-10-15,18780,28241,20496,15775,9898,11660
2015-10-16,18322,19694,23126,19384,10666,12099
2015-10-17,20784,17192,44270,18820,10760,11582
2015-10-18,19546,16097,32623,19463,10527,11516
2015-10-19,19774,14138,22986,17820,9556,11295
2015-10-20,19273,13676,21372,17293,9325,11155
2015-10-21,19270,15142,20869,16198,9136,11437
2015-10-22,21879,17457,20233,20242,9617,11798
2015-10-23,24967,15790,20318,32608,10296,12971
2015-10-24,22425,18623,19297,26332,11417,11757
2015-10-25,21668,14413,19868,27952,14023,11480
2015-10-26,20179,12489,19463,27909,14501,11557
2015-10-27,19905,11195,19912,23224,10404,12557
2015-10-28,21166,14847,19608,21930,11269,12427
2015-10-29,21870,17287,22212,22724,15479,11399
2015-10-30,22392,13526,21745,32565,14665,10901
2015-10-31,23938,11743,18624,25552,16448,10140
2015-11-01,22599,11894,18419,24503,14299,10681
2015-11-02,21109,17911,18622,26012,11429,11922
2015-11-03,20338,31398,19366,28646,16815,11900
2015-11-04,21037,22256,19849,25441,10678,14897
2015-11-05,19639,19363,19810,24558,10794,12951
2015-11-06,19078,14404,20057,31728,11338,12974
2015-11-07,21178,13850,29634,27589,12170,13052
2015-11-08,21930,13921,27437,25466,11473,11687
2015-11-09,19800,12594,21363,28108,10356,13403
2015-11-10,19249,11104,23585,31076,11979,12625
2015-11-11,22741,11799,25801,33122,12688,13006
2015-11-12,20922,15198,20874,37140,15329,12775
2015-11-13,19922,12676,18985,52646,14705,12677
2015-11-14,20922,10692,17229,44885,14143,11382
2015-11-15,19908,12174,20121,42163,11467,11325
2015-11-16,17857,12407,19850,40017,10117,11115
2015-11-17,18311,16879,145507,39877,14323,11420
2015-11-18,17917,16715,81345,42983,14825,11892
2015-11-19,18319,23518,20987,42407,14687,11617
2015-11-20,19780,20092,20139,43256,13397,11688
2015-11-21,18836,17219,19681,45905,14224,11308
2015-11-22,19230,14724,19109,45820,13575,10970
2015-11-23,18502,14423,19100,64134,12993,11644
2015-11-24,18081,17688,18367,45012,34997,12957
2015-11-25,18688,18983,18481,42019,24281,11235
2015-11-26,19617,15817,18178,37801,14991,12919
2015-11-27,18119,12706,16741,35145,21883,38533
2015-11-28,20460,15095,22849,38152,21795,25164
2015-11-29,21879,13702,24838,36994,16288,21539
2015-11-30,22922,13381,19445,33759,13446,22799
2015-12-01,19355,14816,20431,31632,14226,24736
2015-12-02,19344,14161,21343,31232,13606,23448
2015-12-03,22119,17223,19480,29222,12104,21454
2015-12-04,25306,15868,19749,29613,12980,19694
2015-12-05,20485,15830,19745,31274,12128,17847
2015-12-06,21566,15127,29508,33939,11331,16459
2015-12-07,20187,29281,21928,32103,10706,16003
2015-12-08,20476,16429,20849,30837,19450,15353
2015-12-09,19068,14780,20182,32408,14377,14477
2015-12-10,19161,22549,337056,30098,15678,14127
2015-12-11,19756,19731,64386,29887,12649,14309
2015-12-12,19147,28483,28421,29912,18633,13816
2015-12-13,20257,21708,21409,32580,23829,13168
2015-12-14,19393,18908,18854,33825,12854,13183
2015-12-15,18702,15695,18220,31999,11123,12664
2015-12-16,19248,14276,18334,44028,11278,13195
2015-12-17,20312,16633,18916,33050,12215,13663
2015-12-18,19284,17408,17836,28587,17217,12555
2015-12-19,18456,18349,22741,32878,15361,11818
2015-12-20,19120,17136,21593,31170,12731,12627
2015-12-21,17895,13552,18543,30723,13889,11962
2015-12-22,18399,13210,18965,29434,11746,11746
2015-12-23,17379,14258,19181,29626,13206,12183
2015-12-24,17915,12803,17776,28356,12433,12072
2015-12-25,19184,10314,15663,32300,14302,9877
2015-12-26,18527,11301,16627,29592,12871,12077
2015-12-27,17472,11427,18368,30042,11705,11264
2015-12-28,17673,12058,19498,30882,11813,10525
2015-12-29,17247,12082,19102,32714,10565,11651
2015-12-30,19435,12245,22914,32269,10708,11857
2015-12-31,20907,12067,24212,32931,15542,11671
2016-01-01,18601,14276,17720,35641,18706,11642
2016-01-02,20165,16554,20460,33734,14848,12451
2016-01-03,18885,12032,25666,34404,14491,11613
2016-01-04,17157,10307,23580,41510,13965,11568
2016-01-05,17553,10894,19090,32109,14280,12299
2016-01-06,19023,13085,22811,29483,15418,12389
2016-01-07,19479,18497,24171,29757,13518,11221
2016-01-08,19881,16920,20524,30314,14666,12186
2016-01-09,26893,25350,20422,33461,16345,11068
2016-01-10,24520,19279,20195,31392,15431,10658
2016-01-11,23318,143300,19237,28433,50312,9926
2016-01-12,21904,44663,18949,27244,51983,9847
2016-01-13,21386,27810,18593,26396,31219,10343
2016-01-14,22151,26499,19204,27068,23856,9802
2016-01-15,21756,20517,20617,31617,20282,10441
2016-01-16,20322,17562,21184,31891,23128,10143
2016-01-17,21798,17230,21505,30545,21806,10293
2016-01-18,20947,15674,20875,30666,16753,10967
2016-01-19,21759,14328,20584,27965,14246,10979
2016-01-20,23920,15684,24492,28048,15557,10598
2016-01-21,20123,13735,35593,25456,15360,10300
2016-01-22,19954,13903,41850,25839,14973,10957
2016-01-23,20139,14027,25635,30755,16421,10605
2016-01-24,21271,14864,25795,29575,16665,10123
2016-01-25,19420,13551,23311,27662,13271,9392
2016-01-26,20235,11652,22153,25393,12430,10181
2016-01-27,25194,11665,21750,24980,11587,10097
2016-01-28,30997,10773,22385,24579,12612,9751
2016-01-29,28685,11103,22433,24508,12239,10620
2016-01-30,25230,12014,22199,26435,16511,11172
2016-01-31,24757,11423,22876,28372,14442,12450
2016-02-01,22711,9762,21389,26072,11924,11062
2016-02-02,21252,13107,19612,23954,11005,10748
2016-02-03,21346,24023,20057,24163,12158,11310
2016-02-04,22132,14836,20074,23784,11487,11054
2016-02-05,28811,13005,20073,25101,12259,12111
2016-02-06,40816,18100,30072,24377,13000,10175
2016-02-07,32214,122569,25882,24414,18974,11487
2016-02-08,40907,187401,21264,22633,15659,12081
2016-02-09,38385,70417,20668,23202,12263,10437
2016-02-10,29216,37280,20193,23124,11880,9990
2016-02-11,27831,26568,20489,24393,11768,11711
2016-02-12,23339,21378,20013,23274,12192,11540
2016-02-13,25135,20481,19979,25174,14333,12199
2016-02-14,27001,24741,19260,24178,15911,10909
2016-02-15,25195,20039,28292,25194,12351,11286
2016-02-16,32750,105746,26235,90447,12291,13399
2016-02-17,29394,28842,22123,40108,11329,13400
2016-02-18,25837,18968,21017,30950,13880,11841
2016-02-19,25803,18550,21974,32048,16020,11261
2016-02-20,24560,18864,23722,28885,17916,11519
2016-02-21,28363,19034,37454,28609,17373,9912
2016-02-22,25380,16514,29146,26353,13656,10127
2016-02-23,25528,13002,24074,22593,13121,10545
2016-02-24,25635,12145,23932,41136,13578,10091
2016-02-25,25680,13304,26290,30332,12723,11823
2016-02-26,24387,13129,22352,31056,13157,12093
2016-02-27,25386,12064,25355,27364,14011,11368
2016-02-28,25575,15646,27753,29206,14639,11328
2016-02-29,23392,215100,22868,29609,11100,11485
2016-03-01,22108,54837,22413,59717,10852,10759
2016-03-02,22370,31449,21082,37824,10595,12609
2016-03-03,24636,23254,20319,24575,11466,13938
2016-03-04,22427,17173,21034,22999,11702,16031
2016-03-05,24244,17357,23936,24128,12495,13756
2016-03-06,22783,17136,23857,24871,12400,13756
2016-03-07,20968,18639,21238,23022,11053,13558
2016-03-08,21733,13462,20491,21185,10230,12121
2016-03-09,21069,11456,19484,20858,17868,11199
2016-03-10,20894,10601,19312,23436,20985,11485
2016-03-11,26301,9938,20715,23506,14751,12380
2016-03-12,21938,9753,20973,23898,14200,12794
2016-03-13,27168,10381,21846,24477,13463,13727
2016-03-14,24757,9608,21371,22827,12163,12950
2016-03-15,28738,9277,19739,21423,12216,11653
2016-03-16,22817,8922,19330,20056,10587,12213
2016-03-17,21046,8472,19956,19928,10011,12687
2016-03-18,20591,8458,22805,19308,12571,12934
2016-03-19,35010,8863,20053,19219,13227,12114
2016-03-20,32008,9275,20192,20898,12444,13892
2016-03-21,23886,10374,18941,21362,10480,11652
2016-03-22,21229,8703,17547,19822,11365,14430
2016-03-23,19989,8257,18326,19747,11327,15597
2016-03-24,20200,8057,18261,20304,10828,13819
2016-03-25,21290,8718,18887,20610,13457,13885
2016-03-26,21131,8850,19019,20062,15345,14055
2016-03-27,39135,12631,18962,22095,15764,13152
2016-03-28,21250,36078,64695,20318,12550,12012
2016-03-29,20484,17767,17662,18914,10222,13542
2016-03-30,19853,13180,17547,18721,9753,12488
2016-03-31,19749,9209,17545,18781,10030,15419
2016-04-01,19905,8188,17818,19110,13637,12938
2016-04-02,19449,9917,21420,18701,13504,11111
2016-04-03,22570,12760,18917,21732,12747,11200
2016-04-04,21748,12177,17273,23973,10258,10929
2016-04-05,19517,9117,18748,19593,10082,12957
2016-04-06,29326,8284,23351,18372,10045,10749
2016-04-07,31453,8264,18772,18441,10650,10668
2016-04-08,25459,8989,19142,19521,11520,10661
2016-04-09,21070,9122,19112,20265,12822,10418
2016-04-10,22177,8953,18694,20190,13504,11461
2016-04-11,22263,8659,18269,18527,13286,11219
2016-04-12,25870,7703,17847,18238,11890,11546
2016-04-13,24318,7144,18040,18568,10813,10881
2016-04-14,21352,7264,18583,18099,10206,10186
2016-04-15,21115,6994,20307,17291,10957,10515
2016-04-16,20567,7239,16795,16799,12050,10936
2016-04-17,21608,7464,17177,17290,12097,11774
2016-04-18,20523,7563,18037,17152,12850,11653
2016-04-19,22337,7111,17663,16719,30605,12694
2016-04-20,19830,8006,17518,16546,32138,10175
2016-04-21,123433,7538,18347,17000,31819,10640
2016-04-22,133939,7582,19822,18460,32402,12997
2016-04-23,73699,7932,20179,17474,25019,14918
2016-04-24,55898,8597,22572,17451,20660,13115
2016-04-25,43543,7768,24260,16911,15872,13271
2016-04-26,35675,7597,19255,16976,17387,11940
2016-04-27,30919,7929,18624,19236,13535,12328
2016-04-28,29769,7622,18856,18292,13187,11838
2016-04-29,26816,7181,19465,16819,13484,15528
2016-04-30,25861,8305,24025,16803,13485,10824
2016-05-01,26268,8683,19873,18522,13360,10989
2016-05-02,24606,8082,18074,20313,11307,11909
2016-05-03,24566,9961,17897,18210,10579,12962
2016-05-04,27023,8725,20622,16459,10413,10746
2016-05-05,34403,7767,22250,17481,11380,10616
2016-05-06,24345,8299,19951,18450,11588,9692
2016-05-07,22538,8567,17361,18325,12392,9527
2016-05-08,22052,8232,17035,18676,11452,9547
2016-05-09,22443,8843,17521,19899,10693,9942
2016-05-10,21273,8355,17334,18821,10018,9286
2016-05-11,20829,8150,17025,19921,9964,8826
2016-05-12,20483,7473,17246,18728,10654,9133
2016-05-13,19970,8867,17474,19077,12075,9212
2016-05-14,19181,8271,16241,18438,19196,9055
2016-05-15,21300,9089,16754,17457,13136,9694
2016-05-16,21797,7787,18552,16992,11173,10249
2016-05-17,22038,7986,18023,17185,10165,9444
2016-05-18,21261,7850,17162,16368,9587,9450
2016-05-19,22606,7514,17974,16608,10308,9594
2016-05-20,20922,7413,18777,16135,14979,9581
2016-05-21,19562,7334,17533,15710,13742,9264
2016-05-22,27718,8186,17849,16001,12393,10552
2016-05-23,22305,8238,19254,28240,12239,11418
2016-05-24,24155,7513,20674,17727,10597,10571
2016-05-25,24438,7098,18426,16782,9991,9317
2016-05-26,20882,7109,21619,16849,10049,10008
2016-05-27,18741,6505,20858,16779,10376,9955
2016-05-28,18202,6969,17242,16671,10341,9770
2016-05-29,21148,9514,16782,17238,11526,9099
2016-05-30,21599,10177,17996,18345,10957,9147
2016-05-31,21393,7835,17213,15826,10491,9163
2016-06-01,25766,7047,16992,14528,11847,9846
2016-06-02,25290,6726,17123,14559,10496,8930
2016-06-03,22940,6942,16099,15560,11229,8702
2016-06-04,22296,7249,16569,14633,11588,9005
2016-06-05,22481,7498,17076,17005,13694,8907
2016-06-06,20262,7421,17648,15739,10959,9765
2016-06-07,19522,7550,17287,16225,10260,7618
2016-06-08,19503,7186,16951,17385,14034,7937
2016-06-09,18422,7160,19059,19970,12984,8141
2016-06-10,18721,8282,16934,20978,12438,8213
2016-06-11,19078,7080,16197,18888,16389,9487
2016-06-12,18830,7352,21945,17563,12291,9030
2016-06-13,18764,6878,16277,16288,9234,12406
2016-06-14,17774,10481,15133,15725,10718,27987
2016-06-15,17743,9034,15136,16108,9164,13506
2016-06-16,18627,7615,15578,15905,8930,11001
2016-06-17,16815,7680,16741,16263,9697,9829
2016-06-18,17145,8351,18186,17562,10393,9843
2016-06-19,20102,7808,17924,18009,10519,11327
2016-06-20,18470,7642,16708,17534,8559,11853
2016-06-21,31807,7230,19421,15951,8920,8728
2016-06-22,43074,6787,18750,15815,9041,8229
2016-06-23,37589,7256,18324,15491,9203,8260
2016-06-24,30028,6951,16543,14272,9437,8248
2016-06-25,51051,7209,17381,15133,10500,8618
2016-06-26,36870,8342,19437,15301,10482,8808
2016-06-27,23119,8735,18435,14165,8591,9435
2016-06-28,19946,10707,17681,14374,8091,10684
2016-06-29,20154,10407,16803,14621,10812,10054
2016-06-30,20661,8223,17813,14385,9897,9514
2016-07-01,20704,7576,18304,14954,9983,8466
2016-07-02,19074,8596,16626,13953,9628,7989
2016-07-03,18436,9066,16557,13889,10483,7913
2016-07-04,18423,8784,16064,14356,11056,8389
2016-07-05,18161,8190,17581,14114,8801,8102
2016-07-06,17533,7340,16642,14853,10317,8131
2016-07-07,17187,7458,18172,14601,8536,7566
2016-07-08,17947,6774,18678,14884,8700,8974
2016-07-09,18536,7189,20856,13818,9847,7761
2016-07-10,17758,7854,24830,13569,10071,7628
2016-07-11,16657,7882,18642,14318,8984,9061
2016-07-12,15859,10161,16166,13815,9079,9591
2016-07-13,15088,8564,15848,12962,9377,8502
2016-07-14,18373,8533,15602,13009,8951,7726
2016-07-15,15565,7863,15655,12964,8775,7937
2016-07-16,18288,8786,16327,13598,9444,7403
2016-07-17,19860,9824,20039,13758,9991,7900
2016-07-18,19270,9971,18993,13322,8659,9525
2016-07-19,16840,20215,17306,13567,39688,10857
2016-07-20,16178,24490,16698,13315,23987,8520
2016-07-21,16215,12577,16917,13112,13340,10112
2016-07-22,15853,9204,17709,14846,14870,8968
2016-07-23,17823,8555,18044,14384,14585,8925
2016-07-24,25955,9188,17951,14142,12939,8811
2016-07-25,17303,9051,16508,15201,12543,8753
2016-07-26,17407,8318,16852,14400,10756,7847
2016-07-27,16613,7922,17304,13454,10193,7572
2016-07-28,16106,8535,17498,14175,9762,7727
2016-07-29,17388,9561,18136,14988,10103,8049
2016-07-30,16385,8674,19278,15056,11211,8300
2016-07-31,16727,8151,24718,14343,11202,10231
2016-08-01,15833,8808,21181,15278,9983,11023
2016-08-02,16229,7880,19030,14409,9419,8347
2016-08-03,16579,8484,22685,13157,9522,7664
2016-08-04,17315,8649,35995,13034,10943,8166
2016-08-05,16646,7686,36173,13649,11730,10475
2016-08-06,15910,7330,34329,14344,11819,8970
2016-08-07,18009,8002,33053,15172,10986,7526
2016-08-08,16368,7604,32736,14885,9578,7713
2016-08-09,15138,8563,24574,14336,9981,7906
2016-08-10,15128,7733,21973,12927,9298,7674
2016-08-11,16391,7862,22544,13035,10046,8012
2016-08-12,15020,7505,21148,13760,9657,8227
2016-08-13,16094,7456,21279,13980,10465,8085
2016-08-14,16182,7569,20523,17371,11699,7608
2016-08-15,15470,8699,18998,21664,11090,7630
2016-08-16,16667,7483,19337,24387,9775,7542
2016-08-17,15515,14166,30937,19352,9786,7844
2016-08-18,16192,11090,25302,15237,9546,7632
2016-08-19,16468,9676,22165,14468,9905,9115
2016-08-20,15768,8833,20864,15520,12466,7530
2016-08-21,17072,9521,25887,15829,11224,7485
2016-08-22,16406,8299,21984,14460,9849,7577
2016-08-23,16917,8811,19981,14159,10216,7008
2016-08-24,16705,8824,20233,14033,11796,7629
2016-08-25,18410,8647,20051,17411,12522,7606
2016-08-26,18843,8903,21974,20054,11527,8715
2016-08-27,21663,9380,27630,19213,14829,8294
2016-08-28,31159,10503,23812,25324,34161,8728
2016-08-29,95074,10371,25549,21404,17412,10808
2016-08-30,51397,9194,22952,20524,11087,9576
2016-08-31,26147,9288,21253,20570,10657,9768
2016-09-01,21489,9150,20512,21213,48280,9176
2016-09-02,22121,9870,20692,21515,53790,9311
2016-09-03,22046,10714,23874,21213,19522,24137
2016-09-04,27507,11426,29825,21135,25682,23489
2016-09-05,22701,12095,28392,20023,114630,21174
2016-09-06,19302,12937,21782,19201,85641,14804
2016-09-07,16727,16361,20594,17227,30188,12511
2016-09-08,18156,15901,22699,17442,21428,12386
2016-09-09,18207,44879,20980,18616,19283,12975
2016-09-10,20534,30582,20936,21709,22280,15316
2016-09-11,21707,24905,22372,22449,18849,12851
2016-09-12,17967,23760,19847,17243,16999,11390
2016-09-13,19310,19724,19004,16043,13689,15280
2016-09-14,18651,21267,20664,16075,12112,22170
2016-09-15,19171,41202,21348,16569,12255,17857
2016-09-16,19412,28571,21694,16905,14248,15192
2016-09-17,18424,20119,23020,17662,15836,12982
2016-09-18,18423,19045,20312,17612,14405,13466
2016-09-19,17732,18779,18874,18468,12399,12096
2016-09-20,17452,14994,18759,19402,10398,11751
2016-09-21,17471,29122,25396,17033,10486,11679
2016-09-22,17336,25700,18806,17849,10855,14495
2016-09-23,17885,18903,19651,17854,10963,10570
2016-09-24,18031,20553,19570,19002,11580,9874
2016-09-25,17441,18533,19525,19212,12773,11113
2016-09-26,16920,16115,19043,17070,12221,13074
2016-09-27,16037,12943,16705,16112,10211,22002
2016-09-28,17227,12496,16824,17652,9876,18939
2016-09-29,17143,15808,18123,18229,9922,10824
2016-09-30,16190,33415,18172,16910,10207,9935
2016-10-01,16778,17619,21371,17284,10904,9218
2016-10-02,17887,36651,17797,20866,11589,8643
2016-10-03,17168,22494,17647,17223,9472,8968
2016-10-04,17540,17965,22501,17048,8983,10818
2016-10-05,19251,21159,21354,17528,8773,10805
2016-10-06,20117,43294,18384,17111,9679,8890
2016-10-07,19917,34272,17084,17002,9963,8589
2016-10-08,20021,27969,18023,17660,13654,10078
2016-10-09,19560,26956,18278,17598,10765,9358
2016-10-10,18223,21742,17096,17369,9051,7674
2016-10-11,17629,18750,17345,17695,9589,8059
2016-10-12,21812,19747,17322,18778,10136,9692
2016-10-13,24178,19372,18032,17312,9462,12523
2016-10-14,20490,17717,19615,17656,10588,11616
2016-10-15,19644,21513,19501,18744,10700,11393
2016-10-16,19690,21174,24947,18912,11895,12737
2016-10-17,18774,23678,59735,18160,9642,11399
2016-10-18,18873,23240,43683,18975,10259,9728
2016-10-19,18315,24143,35586,18845,10849,11197
2016-10-20,18197,24023,38799,18063,11219,9438
2016-10-21,18185,59819,28202,18865,12500,9153
2016-10-22,19678,44219,24299,18931,12118,8807
2016-10-23,19967,85920,26961,19958,12264,8858
2016-10-24,20315,54448,25942,23410,11614,9562
2016-10-25,19783,47324,23149,20787,9241,8781
2016-10-26,20669,87677,21911,19106,10677,8579
2016-10-27,21260,80982,21525,18305,10746,8339
2016-10-28,19566,59138,20225,17506,11996,7963
2016-10-29,19012,48721,19474,17759,13919,9858
2016-10-30,20627,43751,18961,18707,12962,8004
2016-10-31,20581,35498,20793,17697,10225,7483
2016-11-01,20260,25273,17882,17157,10096,7274
2016-11-02,19394,24384,21426,16703,9997,21576
2016-11-03,20169,22542,20733,16613,9938,22052
2016-11-04,23971,21839,21295,18306,11950,16032
2016-11-05,21198,22827,20122,19692,28270,22182
2016-11-06,21847,23776,19833,20242,18587,13687
2016-11-07,19559,21546,19840,18896,17994,13169
2016-11-08,18518,31823,20592,17758,11294,10428
2016-11-09,16736,17479,16315,16710,7446,6890
2016-11-10,20903,17801,17907,18039,9594,7508
2016-11-11,18157,16566,18064,18577,13121,7758
2016-11-12,18955,21822,18953,19937,17624,8011
2016-11-13,19472,16783,23268,20265,15901,8321
2016-11-14,19243,14194,23145,18033,13395,8744
2016-11-15,18708,14184,20717,16902,15453,8325
2016-11-16,19343,14724,19946,17412,13274,8941
2016-11-17,19313,14883,19181,17776,16726,8866
2016-11-18,19284,13843,21836,17255,17177,8584
2016-11-19,18165,14239,21980,18544,22986,7963
2016-11-20,19476,16311,22599,19926,92799,8601
2016-11-21,19153,38534,20222,41649,44683,11857
2016-11-22,18213,18190,20626,23295,27372,7298
2016-11-23,18468,15961,21567,24546,23511,7272
2016-11-24,19427,14971,21349,21907,76770,7135
2016-11-25,19494,13894,19215,19363,61374,7038
2016-11-26,20397,14070,21835,20419,56450,7345
2016-11-27,20569,33766,22904,20401,44498,7568
2016-11-28,19729,22344,20973,19580,19180,8033
2016-11-29,18514,22371,19941,19565,15654,8360
2016-11-30,21954,15182,22449,19594,14653,7862
2016-12-01,20200,16155,26172,20297,15289,7455
2016-12-02,19743,21582,25217,20173,16817,7054
2016-12-03,20016,22201,21433,20613,15649,7856
2016-12-04,21313,68064,22217,20709,14809,7778
2016-12-05,19640,36102,20373,26985,12592,7596
2016-12-06,18920,61997,22010,30145,11791,7262
2016-12-07,18924,30932,21065,25778,11859,7410
2016-12-08,19391,27413,21457,22428,12461,7506
2016-12-09,19740,23553,21092,22086,12078,7269
2016-12-10,19198,20264,20718,21240,16540,6795
2016-12-11,24169,18702,21833,22328,16633,7177
2016-12-12,20698,15823,19598,19886,11201,7270
2016-12-13,18930,26182,19088,18639,10413,6723
2016-12-14,18957,19515,19006,18558,12415,7527
2016-12-15,18553,21999,18380,18284,11378,7007
2016-12-16,18361,22778,18044,19934,11798,6942
2016-12-17,21017,18421,17580,19172,12302,6743
2016-12-18,22246,15722,19257,19778,12506,6998
2016-12-19,23836,14260,17821,17582,15363,7287
2016-12-20,19508,14711,17313,17162,11104,6773
2016-12-21,20825,45499,18303,17350,11035,6822
2016-12-22,20427,17400,18348,17940,12193,7040
2016-12-23,25391,13926,17472,17806,12073,7115
2016-12-24,24778,14611,16115,18364,13084,7078
2016-12-25,23169,16863,15299,18105,22412,5964
2016-12-26,66393,16024,15937,18683,44379,6767
2016-12-27,75314,16635,17588,21064,27584,11493
2016-12-28,23605,14068,18485,19550,23258,8941
2016-12-29,26697,13698,18858,20727,15564,8303
2016-12-30,22188,13310,23920,19941,15538,8236
2016-12-31,22136,15030,19819,19395,25432,7415
2017-01-01,27447,17913,20488,21459,31202,8452
2017-01-02,22522,15868,22407,19386,13496,7978
2017-01-03,22263,13001,21712,19826,11292,9356
2017-01-04,28291,13151,21026,18564,11705,8338
2017-01-05,22282,11920,23811,18212,11504,8606
2017-01-06,21080,12864,25420,19057,13379,8875
2017-01-07,24758,13848,22169,20496,18516,9265
2017-01-08,23705,28295,22035,20338,16521,9156
2017-01-09,20719,21962,21252,18229,12993,10467
2017-01-10,21179,11843,19935,17371,12413,9556
2017-01-11,23291,11148,20683,19070,11789,9644
2017-01-12,40919,11357,20591,20456,13622,8608
2017-01-13,48367,13917,21569,18623,24098,9061
2017-01-14,31258,15932,26435,18581,15541,8723
2017-01-15,26544,23257,26291,19408,18351,7924
2017-01-16,22600,15939,25246,22793,14630,8987
2017-01-17,21907,13144,20899,22157,13047,7720
2017-01-18,22181,18163,20590,18174,12499,7861
2017-01-19,23508,13267,20558,16989,13143,8042
2017-01-20,22184,10693,19488,15904,12460,7045
2017-01-21,20800,11297,19626,17286,13772,7123
2017-01-22,21962,18994,21550,19830,33638,7473
2017-01-23,19798,18515,20886,16922,13891,7151
2017-01-24,36325,12868,19381,16100,21091,6881
2017-01-25,57283,12022,19307,15394,11402,6592
2017-01-26,35286,12046,18917,15442,19100,7149
2017-01-27,28890,11314,19615,15461,14183,7275
2017-01-28,25834,12081,20110,16541,16423,7250
2017-01-29,25384,12784,20540,20104,15797,7123
2017-01-30,21885,12503,18600,17192,12003,6880
2017-01-31,22898,15070,18772,15830,11712,6659
2017-02-01,23697,18426,18971,17963,10984,9583
2017-02-02,23720,30378,19661,16981,13304,7977
2017-02-03,23132,49348,28098,18152,16921,7686
2017-02-04,23452,39854,30952,18684,17787,7308
2017-02-05,27959,121895,26271,20050,15759,7386
2017-02-06,29133,2127925,21725,31149,11591,6759
2017-02-07,27797,272625,23269,16804,11242,7150
2017-02-08,24759,134412,25724,15790,14339,6990
2017-02-09,25483,91181,25250,17378,12767,7202
2017-02-10,24145,66778,24274,18071,12819,7292
2017-02-11,23019,56321,24570,17184,14115,7078
2017-02-12,27342,48127,26249,19585,16798,7479
2017-02-13,48971,107787,27271,23521,15950,10662
2017-02-14,28321,38266,21719,17368,12226,7605
2017-02-15,25535,27968,21705,19934,12146,7188
2017-02-16,25067,24872,22587,20949,13166,7210
2017-02-17,25616,23072,22282,20337,13247,7278
2017-02-18,25728,23738,24766,19859,29724,7449
2017-02-19,27573,23760,27356,19425,66223,8256
2017-02-20,25153,19311,23156,18450,28091,8000
2017-02-21,25171,16560,22452,17626,14975,8407
2017-02-22,25816,15488,22421,20481,16216,8505
2017-02-23,24282,14109,23541,19386,12604,7793
2017-02-24,22593,13867,25723,20581,41845,7776
2017-02-25,26023,15756,24152,20389,24922,7298
2017-02-26,27854,15763,23568,20127,21554,8039
2017-02-27,24524,14182,21486,19060,12070,7697
2017-02-28,25072,12595,21940,30248,11100,8053
2017-03-01,21144,15711,21372,103785,14979,7961
2017-03-02,22751,14166,24628,53673,11160,7942
2017-03-03,25040,12801,27122,29252,11453,7338
2017-03-04,23114,13371,21354,23958,12338,7235
2017-03-05,23733,13904,21387,20912,12623,7142
2017-03-06,25839,11913,21291,19128,10218,6965
2017-03-07,24692,14014,23722,17954,10351,6704
2017-03-08,21032,12539,21241,16293,10244,6492
2017-03-09,20312,10595,20735,18944,10486,7582
2017-03-10,19692,10260,21248,20026,11072,8193
2017-03-11,19853,11198,20803,19918,16295,7927
2017-03-12,21783,12324,21201,20660,13639,7753
2017-03-13,19971,11031,20424,20183,10850,7325
2017-03-14,20750,10398,20564,19709,10457,6995
2017-03-15,20730,10435,22440,22240,10485,6929
2017-03-16,20623,11816,20219,19743,12365,7263
2017-03-17,19446,11253,21304,18402,11206,7936
2017-03-18,20089,13104,19978,19213,16159,8097
2017-03-19,21418,12648,26731,18191,14394,8814
2017-03-20,19213,11739,20826,17438,13449,8634
2017-03-21,29826,11690,19903,17831,17724,8804
2017-03-22,27064,11933,19936,17171,11390,8333
2017-03-23,22175,11069,20880,16738,10600,8222
2017-03-24,21547,11240,27506,16342,11126,7979
2017-03-25,22819,18604,30294,17295,11618,7761
2017-03-26,68760,15459,24816,17526,12420,7916
2017-03-27,28346,14074,45285,16452,10166,7702
2017-03-28,24636,37811,64169,16563,9901,7506
2017-03-29,27478,19865,41744,16208,9654,7479
2017-03-30,23141,11780,30568,16278,10156,7225
2017-03-31,27555,11016,25434,14959,12708,7418
2017-04-01,21409,11236,27074,15642,11280,7401
2017-04-02,23218,11955,24910,18493,12597,7023
2017-04-03,22858,9736,21529,15534,10578,6698
2017-04-04,21551,9487,23107,15436,10338,7022
2017-04-05,19835,9935,20910,14961,10225,7214
2017-04-06,19688,9177,20665,15404,9882,6849
2017-04-07,20188,9059,20245,14166,11899,7270
2017-04-08,17486,9307,19862,14647,14517,6945
2017-04-09,20044,9784,21969,17486,13465,6881
2017-04-10,19861,9289,20025,15565,11594,6976
2017-04-11,19520,8588,18615,14928,11718,7462
2017-04-12,20824,8809,18644,13904,12407,10720
2017-04-13,18642,8510,18457,13785,12325,8722
2017-04-14,18509,9598,21034,13643,13701,8608
2017-04-15,19918,11104,20804,13794,13044,8051
2017-04-16,20340,32385,20489,14681,13401,8135
2017-04-17,21142,24316,20967,16333,12727,12220
2017-04-18,21706,29683,20527,15576,10856,9035
2017-04-19,18855,20243,20978,15552,11537,9217
2017-04-20,19460,14991,20651,15792,12122,10660
2017-04-21,21639,13570,20413,16572,39511,9803
2017-04-22,21524,13870,21065,16893,25803,9631
2017-04-23,21582,21168,19813,17266,21236,9077
2017-04-24,19808,13135,19886,21335,16681,8782
2017-04-25,19942,12969,20377,17277,14123,9107
2017-04-26,19770,11022,19604,16239,12658,8168
2017-04-27,20898,10486,21645,15535,14284,8365
2017-04-28,18565,10627,20550,17774,14620,10053
2017-04-29,18191,10477,20353,19492,13692,11627
2017-04-30,20136,10996,21824,19209,14019,11525
2017-05-01,20531,11545,24099,19415,13741,10131
2017-05-02,22774,11329,20750,20260,10830,10769
2017-05-03,24035,12440,19740,29132,15221,10535
2017-05-04,21239,10493,20165,34136,11956,10215
2017-05-05,21355,11034,19663,33932,13663,9740
2017-05-06,21979,12020,20004,34206,17525,9962
2017-05-07,23025,11968,18581,33815,12719,9882
2017-05-08,23727,11454,21391,42320,10452,10191
2017-05-09,22466,11304,19186,54375,12425,10258
2017-05-10,21557,10300,19468,179950,11113,10126
2017-05-11,21915,10150,20463,174180,10605,10034
2017-05-12,21836,10035,20220,93131,10796,11971
2017-05-13,24899,10531,25844,59505,12017,9501
2017-05-14,33258,10182,20149,42144,11701,9411
2017-05-15,27285,10145,20822,35636,10325,9213
2017-05-16,23171,9675,20103,31116,9703,8688
2017-05-17,23523,9739,19255,29618,9627,8250
2017-05-18,27215,9166,20364,27931,10973,9962
2017-05-19,24069,9675,20698,29238,11470,10613
2017-05-20,21305,10537,21678,27009,11439,9617
2017-05-21,22707,10610,22148,24070,13025,8909
2017-05-22,26547,11250,20900,23790,13246,15517
2017-05-23,20972,9937,20979,22499,11332,10119
2017-05-24,20029,9026,20311,21439,10199,9142
2017-05-25,19060,8672,19651,21348,11389,9278
2017-05-26,21012,8525,20143,20095,11010,10087
2017-05-27,20535,9165,21036,20770,12666,12341
2017-05-28,21562,9731,23780,20993,18357,13382
2017-05-29,27992,9820,24251,19957,12051,11071
2017-05-30,63222,9008,23356,20232,13136,9818
2017-05-31,41753,9538,23281,20388,13544,8296
2017-06-01,25029,8496,21627,18102,13329,8345
2017-06-02,21354,9151,21312,17402,11687,10034
2017-06-03,23472,9894,21664,17688,13331,8727
2017-06-04,36203,9909,21315,81963,20005,9015
2017-06-05,23854,8610,19880,34916,21427,7666
2017-06-06,22664,8585,20377,23474,11282,7765
2017-06-07,22006,8351,20854,21489,10161,7947
2017-06-08,20212,8591,20941,20069,15398,8332
2017-06-09,19872,8739,21995,20744,10729,9571
2017-06-10,20918,8766,22416,20131,11089,8780
2017-06-11,20970,9614,19758,20916,14907,9562
2017-06-12,19703,8930,18918,18446,10510,8375
2017-06-13,18710,8874,19498,17926,9380,7665
2017-06-14,18235,8377,20154,18162,10405,7974
2017-06-15,19034,8613,19959,17982,9364,8379
2017-06-16,21684,8628,22090,17556,12127,10356
2017-06-17,22064,9209,23038,18420,11151,9051
2017-06-18,20578,9205,21698,17893,11155,9191
2017-06-19,20994,8490,20987,18031,9287,8960
2017-06-20,19401,8238,20078,17899,9390,8446
2017-06-21,31610,8766,19407,17083,9379,8717
2017-06-22,22976,9110,19472,17256,9965,8411
2017-06-23,21557,10834,23047,17067,12103,11222
2017-06-24,33948,10818,28933,17031,13740,9339
2017-06-25,56451,9907,23491,16373,13843,8443
2017-06-26,41725,9339,23948,16375,10848,11207
2017-06-27,24967,8390,25387,15741,11526,9088
2017-06-28,21170,8526,24909,16271,11620,8516
2017-06-29,21332,8999,21253,16438,11117,8874
2017-06-30,20354,9260,21420,16490,12458,11087
2017-07-01,22699,8924,20923,17419,13548,8959
2017-07-02,20144,8586,20076,18020,12790,8528
2017-07-03,18236,8941,19249,17176,12551,8385
2017-07-04,19207,9633,19229,16722,11835,8284
2017-07-05,17838,10220,19122,16000,12559,8470
2017-07-06,19195,9641,23647,16979,11072,11004
2017-07-07,19172,8944,29288,17239,12455,11011
2017-07-08,18628,8828,24651,17494,13741,10377
2017-07-09,19473,10649,28020,18943,13729,10038
2017-07-10,18921,9312,26257,16997,11620,10846
2017-07-11,17830,8625,32353,17921,10677,10738
2017-07-12,18456,8749,50827,18667,11480,9379
2017-07-13,19526,9329,37855,17532,11551,8240
2017-07-14,18687,8520,30440,16689,14646,9214
2017-07-15,20413,8774,28216,17365,16018,9110
2017-07-16,22883,8758,26293,16975,17494,8777
2017-07-17,20171,7880,23563,15810,26130,8066
2017-07-18,18635,7746,23109,15516,15062,7597
2017-07-19,17785,7904,22966,16615,15833,8279
2017-07-20,19275,8222,24904,19656,17262,8066
2017-07-21,21063,8769,28607,24374,16176,9929
2017-07-22,21352,8468,23648,21943,17680,8323
2017-07-23,24327,8594,26431,22933,15430,8840
2017-07-24,21517,7868,25041,27629,13637,8461
2017-07-25,20154,7744,20327,37068,13993,9158
2017-07-26,21659,8007,20745,28182,14783,9663
2017-07-27,21877,8488,20314,31324,14765,8851
2017-07-28,21264,8416,21673,25469,21410,8453
2017-07-29,21595,8867,27092,22011,17655,8415
2017-07-30,21727,9560,22796,20699,16778,7713
2017-07-31,22729,9425,23628,17019,17062,8000
2017-08-01,19167,9133,21616,16886,16875,7340
2017-08-02,20551,13652,21760,16896,16489,7359
2017-08-03,20538,11069,22482,19217,17345,7758
2017-08-04,20297,10496,21317,18500,16204,9687
2017-08-05,20774,9787,20652,18766,17022,7724
2017-08-06,20076,11065,27255,18473,17023,7697
2017-08-07,19549,9880,21107,17490,15050,8009
2017-08-08,21738,9464,21817,16422,12451,7801
2017-08-09,18524,10796,20428,15976,12326,7281
2017-08-10,19848,9923,20618,15662,11588,7512
2017-08-11,19321,8891,21291,15712,12491,7697
2017-08-12,20006,9692,20746,15662,15303,7078
2017-08-13,18826,9397,20017,16083,12412,7155
2017-08-14,17935,11083,18890,15822,10406,6944
2017-08-15,18580,8841,22054,14937,10385,7186
2017-08-16,21590,9725,18653,14506,10436,7005
2017-08-17,19538,8505,18355,16336,10233,6907
2017-08-18,18421,8530,18977,18218,12606,7024
2017-08-19,19213,8755,24020,17350,13131,6957
2017-08-20,20509,10474,20434,16553,13311,7081
2017-08-21,17245,8428,19742,16304,10574,7402
2017-08-22,18478,9833,18397,16265,10697,7154
2017-08-23,18370,9989,19435,14916,10964,6785
2017-08-24,17365,13663,22451,15198,11559,8563
2017-08-25,19406,13531,22674,14734,13544,7109
2017-08-26,19611,13447,21142,15259,12618,6764
2017-08-27,20756,11430,21200,15821,12439,6177
2017-08-28,35687,11375,22953,14906,11168,6919
2017-08-29,96034,12878,21733,16171,10095,6645
2017-08-30,57939,12074,20058,14868,10634,6454
2017-08-31,27605,9660,17894,13605,10519,6426
2017-09-01,22240,9545,18193,14206,11175,6273
2017-09-02,23960,12209,19437,15185,14347,6605
2017-09-03,23105,12595,18872,15515,15274,6651
2017-09-04,25976,11867,18898,14137,17196,37218
2017-09-05,23632,12416,17111,13286,51779,26608
2017-09-06,21125,10040,16021,12578,68594,11536
2017-09-07,20760,12398,17182,12692,28800,30832
2017-09-08,19465,13852,22228,12418,21392,21227
2017-09-09,20709,15831,19299,13746,26992,10803
2017-09-10,20151,12701,17580,14057,23337,9185
2017-09-11,18164,13123,16416,12078,16866,7974
2017-09-12,16919,13308,15882,11964,16974,7278
2017-09-13,17692,13977,15780,14758,24261,6985
2017-09-14,19110,12585,16608,14821,19337,7546
2017-09-15,18589,16757,16902,14916,19287,8586
2017-09-16,19958,12921,17636,17375,19072,8821
2017-09-17,18893,16391,19049,14355,16138,8418
2017-09-18,17758,17720,18621,13166,13593,7599
2017-09-19,17447,14159,16305,12834,13361,7285
2017-09-20,18552,11534,15732,12560,12994,7211
2017-09-21,18439,10838,16319,12540,12596,7073
2017-09-22,24330,25683,17263,14132,12597,7220
2017-09-23,20399,47794,17174,13851,14190,7290
2017-09-24,21397,58950,17391,14163,13457,6964
2017-09-25,19406,53525,16603,12986,11323,7305
2017-09-26,19015,41403,16112,12595,11142,7327
2017-09-27,18312,38842,16186,12011,11889,17410
2017-09-28,19355,33960,19483,12497,11607,15383
2017-09-29,21093,31229,17540,12313,12580,9986
2017-09-30,20233,35506,16795,13442,14024,8567
2017-10-01,20886,35879,17328,14663,14948,7893
2017-10-02,20060,26104,17110,13487,12184,7861
2017-10-03,19759,22838,16188,12689,13008,6942
2017-10-04,19212,21928,18393,12266,11975,7002
2017-10-05,19755,20499,17941,12716,12384,8313
2017-10-06,19091,20055,18884,12775,15900,7563
2017-10-07,20075,23535,17971,12813,22125,7734
2017-10-08,20842,26669,22741,12919,19202,7776
2017-10-09,19674,21534,18544,12006,15411,7527
2017-10-10,18173,16648,22285,11439,13809,7804
2017-10-11,18101,16016,146665,11856,13321,8509
2017-10-12,18730,15011,105044,12210,13752,7867
2017-10-13,23407,15675,53969,12364,16797,7277
2017-10-14,21793,17030,43736,12605,16741,6864
2017-10-15,21700,18245,45452,13354,16348,7026
2017-10-16,20135,14951,34861,31479,17014,6607
2017-10-17,22691,13202,61359,36567,15536,7257
2017-10-18,19970,12112,38508,23870,17788,7085
2017-10-19,19651,12171,29698,20326,16166,6933
2017-10-20,19012,12619,24250,17291,15994,6523
2017-10-21,19719,15045,23591,18282,19089,6427
2017-10-22,21653,22403,22712,18726,19150,6619
2017-10-23,21154,17940,21346,16137,15228,8012
2017-10-24,21138,14290,20756,15501,13974,7286
2017-10-25,21791,14431,23895,14878,14613,6967
2017-10-26,23285,15049,25767,14114,13368,6728
2017-10-27,22282,13379,23028,13862,17672,6514
2017-10-28,25496,12251,20183,15217,17102,6857
2017-10-29,27284,13222,20303,14797,16878,6613
2017-10-30,24530,11031,19530,17347,13983,6060
2017-10-31,27664,9771,17594,17603,12616,6139
2017-11-01,23926,12101,17971,18910,13435,5733
2017-11-02,22679,13388,19490,28657,14233,6496
2017-11-03,23331,11844,19509,26505,26749,6060
2017-11-04,23085,13538,19831,25427,29509,5925
2017-11-05,24160,13629,19350,23501,16156,6203
2017-11-06,23048,12929,19038,19541,13162,6867
2017-11-07,23463,11045,19795,19333,13323,6293
2017-11-08,22460,11401,21083,21345,12478,6192
2017-11-09,21752,10784,23480,21178,12533,6554
2017-11-10,22171,10742,44436,17285,13139,6686
2017-11-11,22738,11575,47890,17438,16766,6499
2017-11-12,23404,13503,41568,19722,17735,6436
2017-11-13,23526,11264,40640,16934,13462,7849
2017-11-14,23362,11394,31953,14987,12249,7040
2017-11-15,24327,10606,30004,14950,12510,6648
2017-11-16,21003,10876,30870,17695,11902,8065
2017-11-17,19406,10730,40805,20121,15436,7768
2017-11-18,20161,11139,35689,18921,15779,7422
2017-11-19,22576,12607,75486,18736,17253,7407
2017-11-20,22855,37138,44053,21778,14113,7005
2017-11-21,20709,13399,31312,16195,13420,6615
2017-11-22,20668,12559,26785,16130,18484,7203
2017-11-23,20907,11329,24576,15208,19352,7443
2017-11-24,22899,10295,25046,14829,33911,6420
2017-11-25,25027,11539,27391,15605,25753,6532
2017-11-26,21935,11634,25119,15840,20725,9953
2017-11-27,21040,10011,26142,14140,15235,7879
2017-11-28,19996,10873,23379,14199,13393,7771
2017-11-29,19670,10756,25641,13870,12184,7414
2017-11-30,22074,12057,22003,14364,11900,7533
2017-12-01,20459,11914,22663,15483,13223,7568
2017-12-02,20194,12188,24762,16404,17718,7498
2017-12-03,21049,11516,28740,15743,19054,7119
2017-12-04,19799,11020,26476,14535,16497,6943
2017-12-05,19222,9536,30903,14155,21581,6914
2017-12-06,19816,10217,34080,14151,13868,7592
2017-12-07,21519,9152,34162,14179,14738,7848
2017-12-08,19843,8944,40969,14640,14502,7325
2017-12-09,20888,10305,38805,15573,14554,7477
2017-12-10,21490,10873,37491,19772,13679,7091
2017-12-11,19691,9696,32365,17898,11825,6965
2017-12-12,20386,8833,29328,15044,14005,7167
2017-12-13,19595,9141,30626,13895,12728,6717
2017-12-14,18631,8036,39813,13236,11695,6769
2017-12-15,18582,8879,90466,13105,12142,7036
2017-12-16,23706,8539,80274,13480,12641,6527
2017-12-17,20066,9201,60141,14296,14557,7873
2017-12-18,18539,8481,59759,13963,13296,7265
2017-12-19,19884,10533,57125,15835,11688,7990
2017-12-20,20971,14962,55009,15558,11374,7778
2017-12-21,20749,10930,44998,14149,11345,7105
2017-12-22,18013,9429,39749,13261,11342,9004
2017-12-23,20278,8940,38535,16009,12762,7892
2017-12-24,20730,9829,47979,14016,13983,8455
2017-12-25,23437,9282,56280,14054,16606,10006
2017-12-26,23795,9207,39820,13520,13954,11960
2017-12-27,29298,9277,40008,15085,12336,10791
2017-12-28,24139,9122,33791,14359,12264,9465
2017-12-29,22690,9572,30420,14007,17140,9401
2017-12-30,23914,9596,34375,14055,17694,11113
2017-12-31,24354,11071,30437,14457,18633,11286
2018-01-01,27431,12625,25960,16534,41356,11076
2018-01-02,22374,10852,25066,14024,17224,10259
2018-01-03,20424,10096,26310,13199,12437,10052
2018-01-04,22635,12079,26012,14096,12358,8969
2018-01-05,20228,13578,25216,14600,12147,9251
2018-01-06,21566,23659,25495,15891,20446,8471
2018-01-07,24169,13602,34885,17200,14781,9336
2018-01-08,22688,9920,24195,14007,11393,8116
2018-01-09,20654,9259,25681,12990,11037,7871
2018-01-10,23276,9434,27497,13326,17886,7584
2018-01-11,21064,10488,25246,13254,14925,8398
2018-01-12,20990,9523,24715,13812,13224,9110
2018-01-13,23582,11007,29412,13841,14629,8502
2018-01-14,22699,10931,24575,14229,13358,9130
2018-01-15,22706,9673,21921,14162,11462,8447
2018-01-16,22309,9076,21050,12891,10387,7815
2018-01-17,23648,9342,20354,12939,10096,7179
2018-01-18,22930,9360,20006,12883,10760,7443
2018-01-19,25809,10075,21006,13951,11277,8457
2018-01-20,24691,9760,22075,14142,12927,9005
2018-01-21,24075,10260,22041,14093,14321,9138
2018-01-22,22987,9479,19885,12788,11122,7577
2018-01-23,22080,9013,18717,12909,10046,7099
2018-01-24,21566,9101,18336,11836,10502,8221
2018-01-25,22877,10364,19107,12115,10968,8660
2018-01-26,21816,12636,19585,11855,11984,8807
2018-01-27,22596,12658,21406,12370,17002,10844
2018-01-28,24925,14949,22103,13031,22366,10419
2018-01-29,24646,65324,28528,15231,13556,10850
2018-01-30,23603,16638,21181,11809,25237,9222
2018-01-31,22401,11904,18874,11436,12948,8391
2018-02-01,22850,11957,19644,11408,11264,7957
2018-02-02,22351,12083,23533,11753,11370,7836
2018-02-03,23237,33629,23475,12296,13337,7743
2018-02-04,27863,23110,22899,13285,12640,7809
2018-02-05,38642,20169,20228,16895,10978,7108
2018-02-06,27905,15531,21037,11870,11265,7218
2018-02-07,26431,10912,20901,11615,10101,7258
2018-02-08,26294,9824,21107,11688,10432,7257
2018-02-09,24300,9002,23777,11090,15824,7495
2018-02-10,23667,9910,25359,11815,14107,7486
2018-02-11,24853,10657,21707,12732,12778,7226
2018-02-12,24586,8531,19195,11531,10652,7026
2018-02-13,23657,7809,18068,11050,10159,6914
2018-02-14,22534,7572,23566,11860,10913,6781
2018-02-15,22920,7611,28080,12947,10285,7168
2018-02-16,22240,7942,28916,14043,11267,8911
2018-02-17,21537,8235,26419,19134,12832,7897
2018-02-18,22675,8602,24636,15183,13933,7588
2018-02-19,23689,8278,22543,14013,13906,8933
2018-02-20,23839,8167,21097,15327,11309,10672
2018-02-21,23127,7859,20157,25462,12385,9155
2018-02-22,23272,7918,20491,23462,13356,8280
2018-02-23,24321,8020,21555,24851,14182,7996
2018-02-24,23491,7959,20844,16134,16116,7495
2018-02-25,30897,8830,20679,15378,13728,7972
2018-02-26,28861,8675,18283,13525,11110,7924
2018-02-27,26845,7599,17825,13157,10665,7698
2018-02-28,24743,8642,17817,21157,10914,7521
2018-03-01,23774,8782,19002,97862,14108,7121
2018-03-02,22179,9403,19380,74382,12871,7998
2018-03-03,21766,9079,20840,28325,13740,9387
2018-03-04,23602,9045,19686,20816,15807,8775
2018-03-05,24293,8585,17992,15952,12276,8494
2018-03-06,23131,7643,16558,15233,12219,8656
2018-03-07,26553,7375,16277,14429,12047,7654
2018-03-08,27432,7813,17575,14290,11661,7174
2018-03-09,24247,8391,18243,14928,25901,8196
2018-03-10,22640,9296,17988,14247,23442,8156
2018-03-11,28282,9244,18974,14002,22020,8081
2018-03-12,25308,8249,31017,14081,17354,7780
2018-03-13,22934,8402,19586,13806,14065,8181
2018-03-14,22003,7698,17711,13067,12491,7437
2018-03-15,22595,7537,17330,11653,12764,7256
2018-03-16,21670,7228,17194,11951,14151,7415
2018-03-17,22132,7719,17866,12329,14349,7232
2018-03-18,22521,8165,18792,12901,15188,7570
2018-03-19,22331,8008,17396,13078,11576,7195
2018-03-20,21070,7296,16437,14705,11339,7411
2018-03-21,21515,8009,16243,13070,12055,7207
2018-03-22,21132,7869,15881,12937,29165,7438
2018-03-23,20998,7978,15685,12704,11412,7183
2018-03-24,26445,8625,16422,14722,20190,7191
2018-03-25,24955,8591,18019,15538,27614,7206
2018-03-26,21722,8357,15756,16373,16845,11021
2018-03-27,23115,9778,15553,13741,13074,9773
2018-03-28,21206,114030,16145,12987,12337,8245
2018-03-29,20737,27846,18365,12490,14000,8004
2018-03-30,20097,17806,17112,14614,18484,8207
2018-03-31,19954,12923,16172,13770,16891,7841
2018-04-01,20990,10382,16565,13620,16745,8200
2018-04-02,23548,10918,15833,13978,12094,9791
2018-04-03,21209,10791,16615,12640,12328,8326
2018-04-04,20703,9195,17055,11591,11117,7847
2018-04-05,21729,10306,16308,11954,11072,7376
2018-04-06,20900,9006,16409,12599,11484,7515
2018-04-07,21354,9669,16975,12257,13041,7869
2018-04-08,22990,11840,19087,12046,12779,8531
2018-04-09,22483,11555,16302,11747,13204,7833
2018-04-10,21171,9275,15753,10959,15536,7596
2018-04-11,22466,21134,16832,10599,12568,8238
2018-04-12,22103,9172,16599,10654,10812,8552
2018-04-13,22087,8419,17714,11182,11080,8032
2018-04-14,20135,8476,15940,12917,11846,7376
2018-04-15,23579,9486,18770,14002,12128,7869
2018-04-16,24692,8701,20649,14363,10673,8131
2018-04-17,22593,7563,18124,12805,10453,7954
2018-04-18,21972,9912,16576,12052,9773,7307
2018-04-19,22572,7801,15665,11940,10443,7972
2018-04-20,22725,7865,17454,12149,11060,8005
2018-04-21,23414,8516,19158,12495,13059,7688
2018-04-22,27794,9127,22593,11842,21961,8057
2018-04-23,26016,8100,34930,11122,12857,7939
2018-04-24,26077,7288,20487,11031,10745,7262
2018-04-25,22765,7950,16935,10783,10978,7761
2018-04-26,21950,7495,16199,10451,11843,6945
2018-04-27,20220,7338,15490,10679,17945,6636
2018-04-28,18964,7529,14237,10982,15257,6277
2018-04-29,20659,8270,19343,11060,14413,7348
2018-04-30,21056,8450,14610,11078,12310,7180
2018-05-01,20114,8597,14235,10541,11401,6626
2018-05-02,20039,7460,15783,10849,10208,6748
2018-05-03,21179,7246,14839,10921,10867,6992
2018-05-04,20175,7340,15677,11131,12585,7312
2018-05-05,21450,7568,15438,11040,15758,6985
2018-05-06,22647,8335,15107,11574,16406,7343
2018-05-07,24498,7594,15771,11632,13363,6877
2018-05-08,22681,7480,15326,11228,10824,6844
2018-05-09,21783,7109,14902,11426,10935,6412
2018-05-10,21710,7153,15361,11070,10502,6781
2018-05-11,20534,7423,15190,10338,10953,6809
2018-05-12,21014,7410,15375,10519,12229,6543
2018-05-13,21193,7938,14575,11391,12401,6582
2018-05-14,22242,6891,14801,11838,14390,6809
2018-05-15,20306,7006,14459,10390,127589,6735
2018-05-16,21016,6949,14658,9671,182856,6467
2018-05-17,21860,6590,14478,10037,110131,8466
2018-05-18,21393,6606,14935,10674,76717,6782
2018-05-19,20513,6467,13799,11084,61116,6888
2018-05-20,23017,6994,13939,11357,54659,6788
2018-05-21,43571,7034,14071,11761,45830,6990
2018-05-22,29462,8846,14114,11258,42079,6823
2018-05-23,27348,6906,14507,10568,39995,7854
2018-05-24,29632,6948,14239,10396,46911,7202
2018-05-25,67811,7526,43538,10439,37238,7629
2018-05-26,26810,7697,41628,11781,41929,8600
2018-05-27,25920,10105,24540,13300,39651,8334
2018-05-28,24220,10949,27584,11929,36519,7783
2018-05-29,23801,10757,25168,11536,29689,13183
2018-05-30,22729,8184,22087,10720,27817,9902
2018-05-31,22786,8008,21684,10257,28280,8853
2018-06-01,21068,8214,20242,10024,25912,7656
2018-06-02,21087,8039,17904,10005,27482,7833
2018-06-03,24004,8452,17833,10612,30678,7846
2018-06-04,23534,7274,22537,10614,34414,7386
2018-06-05,22930,6856,21107,11658,25390,7012
2018-06-06,21708,16732,24011,11614,24033,6802
2018-06-07,23693,29978,26416,10649,25476,15001
2018-06-08,22641,18626,20076,10607,22858,17880
2018-06-09,22868,15450,16854,10323,23141,10461
2018-06-10,26001,13711,18440,11147,23489,11358
2018-06-11,22326,11979,18975,10786,19797,11927
2018-06-12,21225,11992,14980,11724,21827,9834
2018-06-13,21921,9752,15309,10979,22861,9294
2018-06-14,27059,9291,14804,10525,21799,8932
2018-06-15,21807,8354,14773,9832,21155,7862
2018-06-16,21582,8761,15591,9601,22211,7486
2018-06-17,22199,8864,14559,14574,31347,7683
2018-06-18,21888,8184,13668,15646,21460,7978
2018-06-19,21203,11784,14800,11905,18867,9161
2018-06-20,21405,8893,13862,11273,20260,8151
2018-06-21,21169,7878,13570,10555,17900,8971
2018-06-22,25052,8196,14231,10654,18891,8642
2018-06-23,28021,8922,14316,10977,21397,7802
2018-06-24,31146,10574,14102,10914,22342,7957
2018-06-25,56460,10329,14306,10140,20319,7946
2018-06-26,52221,8641,13882,9936,17805,7237
2018-06-27,82737,8484,15084,10287,17262,7057
2018-06-28,76558,8615,16818,10095,16027,7626
2018-06-29,48638,9365,16773,12536,16691,10342
2018-06-30,36211,9276,16496,12392,18267,8324
2018-07-01,31957,9436,16306,11909,18304,7575
2018-07-02,27275,9111,15897,11262,17522,7215
2018-07-03,25968,8812,16518,12402,16020,6834
2018-07-04,28068,9677,17194,12601,19898,7037
2018-07-05,25488,8761,17511,11294,22611,6867
2018-07-06,22738,8319,17098,11114,27954,6821
2018-07-07,23464,8891,15906,11085,20458,7045
2018-07-08,25394,9545,17877,78835,23374,7696
2018-07-09,24075,8686,16779,191523,18033,7500
2018-07-10,22440,8059,16351,175230,15737,7371
2018-07-11,25720,8356,16667,68299,14831,7986
2018-07-12,29755,8413,16945,42216,20436,7925
2018-07-13,24049,8716,19414,38900,18027,8735
2018-07-14,22342,9560,18668,47191,20704,8221
2018-07-15,23665,9728,19429,33669,19296,7830
2018-07-16,22199,8878,18101,25254,18625,7865
2018-07-17,22600,9145,16131,23031,92947,7887
2018-07-18,20905,8440,15591,20017,119064,7567
2018-07-19,21005,8338,15474,19057,85043,7694
2018-07-20,20552,8398,15437,18578,57936,7593
2018-07-21,21679,8857,15285,18431,56319,7464
2018-07-22,21722,9357,16506,21101,53018,7893
2018-07-23,20491,9464,15941,18590,39517,7822
2018-07-24,19905,9042,17507,17501,32801,7537
2018-07-25,19459,9516,14770,16672,29512,7576
2018-07-26,19457,8893,14164,15058,29530,7549
2018-07-27,20256,8599,14736,18350,31018,8300
2018-07-28,20543,8974,14478,22795,31737,8717
2018-07-29,22106,9137,14913,20496,30982,7796
2018-07-30,20031,8633,13951,19513,25515,7603
2018-07-31,19018,8247,13414,18182,23251,7693
2018-08-01,19643,8279,12928,17026,23079,7732
2018-08-02,21964,9064,13708,16003,22651,7548
2018-08-03,20403,16695,13501,16132,26357,8087
2018-08-04,20824,13151,14300,16964,27498,8202
2018-08-05,22672,12376,13817,16220,29522,7925
2018-08-06,22528,10702,14076,14411,22555,7764
2018-08-07,22439,12733,14167,15712,21390,8054
2018-08-08,21299,11739,14347,18769,22612,8120
2018-08-09,21163,11896,13748,16346,23100,8204
2018-08-10,21202,12667,16377,16882,25695,8737
2018-08-11,21385,10384,22518,15436,27529,9209
2018-08-12,24297,11360,18491,15195,34677,9616
2018-08-13,24204,10258,15576,14353,24336,8579
2018-08-14,23303,9400,15835,13589,22066,8070
2018-08-15,21242,9448,15322,12823,22492,8044
2018-08-16,28260,9827,15326,23567,22533,7794
2018-08-17,26279,10308,16254,22245,22810,7833
2018-08-18,25680,11453,19355,18568,25329,8509
2018-08-19,26125,14323,25123,17507,26359,17485
2018-08-20,25285,12036,16544,16705,22148,12893
2018-08-21,25279,11471,17455,15714,21544,10131
2018-08-22,22750,10053,15269,14579,20371,8793
2018-08-23,25311,9867,14935,13362,19911,7786
2018-08-24,26177,9555,14628,15260,21963,7655
2018-08-25,36680,10029,14666,14518,24410,8056
2018-08-26,33411,10663,15171,16109,26701,10994
2018-08-27,38570,10828,14736,13218,23319,10632
2018-08-28,35946,10973,15618,12326,22503,8700
2018-08-29,149262,12169,16209,12112,22733,7784
2018-08-30,98144,15599,16559,12080,23940,7490
2018-08-31,43751,28285,195874,12532,22463,7969
2018-09-01,34243,36186,126440,12806,28181,7953
2018-09-02,30098,28660,88628,13755,24370,7684
2018-09-03,27055,21963,107075,12932,24047,8349
2018-09-04,23792,17490,152819,12725,21491,8068
2018-09-05,24331,14387,136909,11555,90082,7907
2018-09-06,28151,15211,108418,11503,70673,7750
2018-09-07,32398,17586,92067,15859,40782,8350
2018-09-08,26270,19001,78814,16785,38478,10067
2018-09-09,26105,21051,64763,15840,40500,9371
2018-09-10,23678,32198,57089,13544,35727,8732
2018-09-11,21262,31516,49772,13682,33016,7846
2018-09-12,21167,21371,59808,13115,32543,9424
2018-09-13,20744,20568,66599,14155,30252,14474
2018-09-14,20684,22867,89696,36283,30663,14384
2018-09-15,21335,26887,135073,37976,34110,12462
2018-09-16,21360,25671,90855,25600,37156,10692
2018-09-17,19726,22181,83149,29504,27999,9890
2018-09-18,20224,19065,68918,30166,27052,9264
2018-09-19,19393,17745,66549,26228,24762,9900
2018-09-20,19474,18467,65015,21039,26380,14350
2018-09-21,20034,17508,59750,21597,27070,26563
2018-09-22,21696,18524,55053,18205,30706,16994
2018-09-23,21591,22059,49720,18613,29319,13584
2018-09-24,20833,16963,43258,15609,26326,11282
2018-09-25,19555,24771,38870,13361,23129,52892
2018-09-26,19912,23431,36563,12799,23780,108031
2018-09-27,19601,36871,34530,12350,21165,104248
2018-09-28,19121,63674,34219,11963,21332,194459
2018-09-29,21235,42336,33467,12274,28748,88501
2018-09-30,22202,41351,31607,13008,29845,49897
2018-10-01,20265,37386,27909,11821,25419,46919
2018-10-02,20580,54872,26955,23821,19916,34574
2018-10-03,19180,54250,25770,21841,24308,44513
2018-10-04,19733,58327,25787,19302,26673,34789
2018-10-05,19576,122082,27193,16863,37229,26918
2018-10-06,19706,130208,29964,17453,63882,23027
2018-10-07,20924,127336,27114,15890,68694,22993
2018-10-08,20070,112194,27018,15428,52331,21477
2018-10-09,20020,85908,24915,13435,55737,33373
2018-10-10,19604,84393,24666,14260,72918,17445
2018-10-11,20097,75661,24232,25535,54781,14808
2018-10-12,19906,74101,26198,30190,57492,15340
2018-10-13,22955,96039,24918,30756,69900,15114
2018-10-14,23695,108848,24571,23733,71374,14710
2018-10-15,21816,82910,25200,22994,62752,12577
2018-10-16,20129,83278,32754,29500,60267,11473
2018-10-17,19423,90115,62111,25055,53075,22993
2018-10-18,20662,65929,39044,19348,62274,13650
2018-10-19,20010,62844,27662,17597,79931,13830
2018-10-20,20012,82850,24322,23435,99658,14412
2018-10-21,22400,96501,22875,19127,105277,13560
2018-10-22,21297,66549,21794,17633,75870,14324
2018-10-23,21224,53648,20479,15475,107121,16834
2018-10-24,21147,52204,19988,15674,155307,12893
2018-10-25,21532,49254,19777,16442,157719,11641
2018-10-26,20516,54790,19603,16647,200749,10373
2018-10-27,23498,71899,18929,16116,198975,9971
2018-10-28,22764,77697,18366,15561,203803,9904
2018-10-29,21228,58775,16853,14522,165467,10442
2018-10-30,21569,47616,17107,14025,187741,8666
2018-10-31,23167,44289,16301,14827,210832,8464
2018-11-01,23974,40875,16704,15215,265272,8080
2018-11-02,23016,44642,17937,18827,453321,8620
2018-11-03,22967,59529,17329,19042,631431,8515
2018-11-04,25673,65339,20849,22862,741998,8900
2018-11-05,24524,48292,17631,17761,609028,8056
2018-11-06,23324,39019,16808,14578,488030,8941
2018-11-07,22184,35970,15350,15220,415375,8041
2018-11-08,22780,34705,16552,16990,368953,7806
2018-11-09,22216,39898,17848,15042,369905,8344
2018-11-10,23721,54383,17115,17211,491684,9005
2018-11-11,23445,54317,16432,16712,552836,42503
2018-11-12,22880,41904,15589,14626,413449,23364
2018-11-13,22606,33484,15919,14576,298812,12817
2018-11-14,22032,32889,15389,13380,271263,10197
2018-11-15,20958,31581,15633,13851,252172,14035
2018-11-16,21216,34629,15980,17799,236590,8759
2018-11-17,24300,47137,16476,58062,323934,8943
2018-11-18,24538,51327,16924,41363,326451,9100
2018-11-19,21581,37849,15617,26654,239813,8052
2018-11-20,21097,32260,15423,20637,191499,8052
2018-11-21,21664,31228,15832,16810,195878,8203
2018-11-22,23111,32037,15964,17406,204244,7518
2018-11-23,22323,32016,15097,28211,222103,7026
2018-11-24,22995,44598,16344,36964,322729,7402
2018-11-25,24628,41786,24208,34641,295304,7685
2018-11-26,23055,29205,17019,26224,191578,7169
2018-11-27,23195,24678,15944,23884,147249,7577
2018-11-28,21769,24942,16424,18986,141956,7538
2018-11-29,25346,24285,17022,18754,122568,8879
2018-11-30,25098,25048,20415,19290,129199,9828
2018-12-01,23888,31589,21339,19601,164849,8817
2018-12-02,24793,31769,23532,18168,186031,8402
2018-12-03,23591,24374,24177,16827,130872,7964
2018-12-04,21565,20959,21625,16487,100030,7728
2018-12-05,21021,22797,20366,16680,98863,7621
2018-12-06,21195,27245,20941,17005,92105,7517
2018-12-07,20790,27892,21906,16888,94564,7697
2018-12-08,23664,32217,25365,24444,123553,8013
2018-12-09,24126,37061,24936,26187,142776,8343
2018-12-10,23891,29268,20762,20704,98728,7689
2018-12-11,21219,23944,19500,18045,82871,12003
2018-12-12,22362,21077,19677,16917,84768,11532
2018-12-13,22397,20042,20974,17818,77502,8132
2018-12-14,23907,19755,19485,17613,77650,7760
2018-12-15,24252,26658,19208,16569,94285,7572
2018-12-16,24906,26005,18802,19337,103679,7805
2018-12-17,23978,20165,17357,21292,90081,7254
2018-12-18,23064,18340,17599,20981,68793,8343
2018-12-19,22379,21279,16842,17420,67666,7691
2018-12-20,24132,17123,17818,16184,61429,7259
2018-12-21,22332,17487,15724,16182,60482,6888
2018-12-22,23944,19557,16717,15238,82766,6696
2018-12-23,25036,21500,16654,21042,88284,6659
2018-12-24,26113,18959,15535,18191,76444,6783
2018-12-25,27898,20693,14140,16208,97259,6347
2018-12-26,22735,22409,15633,16203,85051,6501
2018-12-27,22921,23727,16828,57285,79350,7008
2018-12-28,24602,24456,17536,20074,73834,7718
2018-12-29,24564,35287,17764,16787,77146,7380
2018-12-30,24777,33084,20609,16972,82627,8861
2018-12-31,24185,30362,17427,19494,103809,7534
2019-01-01,26005,34200,17784,20541,85891,7634
2019-01-02,22101,28528,17141,21815,68299,7719
2019-01-03,29991,35600,16419,18419,57449,7721
2019-01-04,23276,30280,28198,17989,58134,7537
2019-01-05,25300,32733,25843,17170,73924,8127
2019-01-06,25542,39444,21642,17349,79027,16593
2019-01-07,22362,134076,18114,17006,265255,8579
2019-01-08,23115,50978,17199,15016,104791,57550
2019-01-09,22915,35954,20207,14612,86239,10575
2019-01-10,29777,51511,20283,14272,78875,8299
2019-01-11,28090,38283,20167,16443,77142,7821
2019-01-12,25022,35051,23254,17168,107591,7720
2019-01-13,24757,32908,22440,19418,102375,7318
2019-01-14,22254,46841,18516,19106,98096,7043
2019-01-15,22581,32570,17760,15567,99685,6702
2019-01-16,28549,32201,17113,16724,111898,6819
2019-01-17,28530,31480,18953,16476,96034,7694
2019-01-18,24087,31943,18423,16203,119912,7595
2019-01-19,27340,41777,19012,14998,168512,7202
2019-01-20,25587,48187,17950,18867,166449,7020
2019-01-21,23347,40228,17001,15686,105935,6456
2019-01-22,21777,47710,17941,14806,107952,6575
2019-01-23,21969,41321,16597,15274,143207,7751
2019-01-24,23661,32796,16773,17272,132651,7905
2019-01-25,32792,31592,17708,15711,137445,7651
2019-01-26,47962,50461,17457,14986,223611,7436
2019-01-27,38961,81150,18388,16792,259265,7368
2019-01-28,33820,88077,15856,14268,177257,6794
2019-01-29,31373,53017,15975,13504,121425,6443
2019-01-30,28807,42954,16260,13828,111083,6124
2019-01-31,29363,39033,17171,14593,109467,6417
2019-02-01,25711,35812,17219,14684,118276,6356
2019-02-02,26741,44659,16196,14506,185001,6722
2019-02-03,28120,48600,17333,14536,209842,7154
2019-02-04,29823,36629,15126,15050,115332,7631
2019-02-05,32420,31907,15615,15012,100171,6456
2019-02-06,26989,28758,15002,13123,89260,6050
2019-02-07,26369,30024,15939,57174,90398,6485
2019-02-08,27002,33138,16719,73043,98446,6452
2019-02-09,27000,43360,16318,45939,153709,6497
2019-02-10,27680,55300,17430,39006,181863,6657
2019-02-11,31387,227844,20246,29244,122873,8049
2019-02-12,38186,57393,17324,23063,122564,7562
2019-02-13,29924,40176,17347,21372,181889,6759
2019-02-14,34685,39665,24873,19750,169726,7111
2019-02-15,28867,43579,22375,18158,232171,6550
2019-02-16,28226,53111,21767,17335,418362,6765
2019-02-17,27703,56712,20478,17379,500230,6862
2019-02-18,28072,42623,19244,15791,348219,6492
2019-02-19,26119,44400,17389,14023,207671,6264
2019-02-20,29338,79854,19793,13401,156521,6374
2019-02-21,28749,59253,24414,12570,143501,7487
2019-02-22,32052,56477,26601,12664,163458,8258
2019-02-23,28388,97746,27441,12946,317594,7492
2019-02-24,45970,136612,27269,15033,442949,7577
2019-02-25,31687,676883,23019,13798,843544,6483
2019-02-26,27074,323672,19680,15846,336538,6217
2019-02-27,28643,202001,20817,14254,224979,5847
2019-02-28,39157,210206,20728,17069,189546,7331
2019-03-01,38467,165539,20193,41760,193569,6928
2019-03-02,37722,160652,22180,30442,333388,7076
2019-03-03,44391,167978,20167,20173,404764,6828
2019-03-04,114956,103015,18627,16633,245228,8243
2019-03-05,126526,65676,16613,14730,141992,8757
2019-03-06,146264,54769,15776,16209,120312,7799
2019-03-07,186600,45226,16473,15659,118758,6762
2019-03-08,186773,45149,16848,14842,135728,6217
2019-03-09,183318,64915,17843,15158,230869,6546
2019-03-10,173520,69678,18918,18852,262701,6346
2019-03-11,142286,46551,16437,23362,145710,6150
2019-03-12,105819,34714,15789,17608,98662,6371
2019-03-13,89007,38559,17132,15533,85525,5754
2019-03-14,81365,34047,15710,14151,83244,6103
2019-03-15,77308,31567,15078,13485,93805,5878
2019-03-16,75511,41990,15588,15336,154519,5685
2019-03-17,89094,47243,17303,15719,175104,6016
2019-03-18,65361,34742,16019,16643,105666,5772
2019-03-19,54691,28002,16101,14248,81737,6058
2019-03-20,47141,26010,15215,14068,67458,6012
2019-03-21,42610,25992,16377,13615,68114,5653
2019-03-22,37680,28088,15926,13970,79664,5628
2019-03-23,44004,35532,16552,14785,131162,6133
2019-03-24,47810,39163,17632,14017,143773,6231
2019-03-25,38183,27974,17507,16891,88601,6043
2019-03-26,33800,24304,20177,40819,65552,5713
2019-03-27,31926,24473,18549,33730,61359,5710
2019-03-28,28843,41592,16421,20360,59641,6435
2019-03-29,28344,33528,15906,14871,65717,7599
2019-03-30,28297,32198,17548,14138,102464,6630
2019-03-31,31269,34191,18187,14009,116188,7114
2019-04-01,28202,24524,16666,24538,68025,123497
2019-04-02,27101,20033,15938,34786,52528,54327
2019-04-03,26454,19580,16134,20970,49470,53462
2019-04-04,24369,19125,15998,16148,48610,25846
2019-04-05,23618,21318,15997,13526,58353,18398
2019-04-06,25919,28260,16087,13022,89978,15947
2019-04-07,25979,29441,16253,13643,91421,18631
2019-04-08,23247,22846,14936,12670,58740,14406
2019-04-09,21351,17987,14837,13438,46032,11661
2019-04-10,20650,16649,15067,12389,46497,11907
2019-04-11,21342,21543,17087,11012,44921,25295
2019-04-12,21067,17985,15342,12027,51965,48622
2019-04-13,21766,23591,15286,12446,76687,24866
2019-04-14,23539,26770,15727,13670,82597,15156
2019-04-15,20842,19900,13130,13102,49889,10437
2019-04-16,19821,16988,13080,12147,42970,9827
2019-04-17,20043,17119,13147,11694,38282,8807
2019-04-18,21236,17146,13660,12120,42087,8403
2019-04-19,21529,19862,14085,13557,55981,8932
2019-04-20,21768,22734,17840,14358,92922,8232
2019-04-21,23150,24749,19960,18161,82911,7829
2019-04-22,23257,19681,16394,18625,55262,7533
2019-04-23,20282,15981,14632,16980,40017,7451
2019-04-24,18697,15644,14129,18060,36089,7250
2019-04-25,17692,16485,14219,12626,39026,7154
2019-04-26,17917,16665,14351,11978,43027,6712
2019-04-27,18734,20932,15452,12344,63832,6621
2019-04-28,21390,22946,16322,11767,74019,6641
2019-04-29,18399,16308,13239,11326,60929,6135
2019-04-30,19648,14259,13004,11061,142456,6385
2019-05-01,20306,14263,13480,11880,44579,6588
2019-05-02,19802,15141,15121,13127,39765,6745
2019-05-03,17812,15222,17849,13073,41453,6224
2019-05-04,22871,18556,16090,13147,56119,6131
2019-05-05,20713,19752,15140,14312,62053,5633
2019-05-06,17908,17607,14783,12091,39553,8074
2019-05-07,16616,35744,13261,18339,30405,9326
2019-05-08,17349,26433,13572,15500,29082,7564
2019-05-09,17363,21775,13165,13902,29147,6857
2019-05-10,17683,19523,13839,17725,34797,6479
2019-05-11,19731,23817,14001,15752,49087,6591
2019-05-12,23929,21936,13729,15016,58008,7017
2019-05-13,23238,15973,12555,13201,35881,6673
2019-05-14,22452,14636,13013,12473,29994,6710
2019-05-15,19466,13469,13247,12149,26953,6497
2019-05-16,20409,13557,13914,12205,27769,6397
2019-05-17,20174,14347,13674,14277,32638,7029
2019-05-18,19070,17950,13202,15511,57197,7311
2019-05-19,19534,18230,14535,16010,55558,8845
2019-05-20,18520,14353,12522,18330,36879,6619
2019-05-21,18252,13090,12301,17336,30230,6502
2019-05-22,17982,14202,12596,15550,27722,6385
2019-05-23,18391,12950,13635,12657,27732,5945
2019-05-24,22644,13257,13296,12185,33687,5927
2019-05-25,18386,15874,13054,12020,50080,5937
2019-05-26,19322,18097,13163,12956,55439,5997
2019-05-27,20363,17237,13180,13412,53142,6315
2019-05-28,18606,14434,12517,11914,39723,6547
2019-05-29,18500,12316,13215,11190,33669,6041
2019-05-30,18730,12743,13328,11232,36067,6003
2019-05-31,18105,13707,13243,12181,42164,6459
2019-06-01,17369,15263,33870,11551,48964,6167
2019-06-02,19174,17366,61661,12363,76289,6275
2019-06-03,18323,14676,25084,11290,43661,5891
2019-06-04,17453,13840,18069,10797,32751,6928
2019-06-05,17742,12622,14266,10049,31277,6194
2019-06-06,16901,13027,12999,10649,31919,6217
2019-06-07,18755,34059,13871,10610,37348,5940
2019-06-08,18470,26497,14278,11334,45419,5972
2019-06-09,19491,66485,13724,11553,60725,6595
2019-06-10,18156,42191,13728,25375,45212,6718
2019-06-11,17578,28939,13005,21661,32197,6246
2019-06-12,17920,31612,12962,16048,32715,5989
2019-06-13,18034,25881,12967,14252,30918,5910
2019-06-14,18380,29744,12959,13218,30592,5538
2019-06-15,18656,29436,13290,12610,48294,6260
2019-06-16,26621,29194,13879,12227,52057,6338
2019-06-17,20602,21714,12925,11609,35412,6129
2019-06-18,18303,19039,12525,11721,32510,5788
2019-06-19,18240,19678,13544,11437,29468,5582
2019-06-20,18715,21404,14343,11885,44511,5978
2019-06-21,20938,18517,13301,12503,43530,5874
2019-06-22,23202,24295,14441,13287,48714,5918
2019-06-23,25097,28233,14080,13219,51395,6518
2019-06-24,31536,22326,12872,11920,42316,8423
2019-06-25,97056,23247,12834,11828,30422,7377
2019-06-26,57732,19978,25706,11923,28247,6411
2019-06-27,25765,15820,22222,11367,26607,6268
2019-06-28,22380,19455,16939,11032,30863,6352
2019-06-29,29776,24737,18921,12178,44376,7072
2019-06-30,24418,25284,16217,15372,48686,7102
2019-07-01,19689,20536,16096,21082,33160,6434
2019-07-02,18709,18410,14726,14955,26625,7462
2019-07-03,20227,17262,14427,13533,25550,8146
2019-07-04,20669,21183,14489,12685,29488,7493
2019-07-05,20142,20112,15032,12457,35268,6375
2019-07-06,20108,25168,14799,12530,45369,7200
2019-07-07,21803,26074,14848,14541,382656,7533
2019-07-08,20004,17962,14882,16874,185888,7858
2019-07-09,18181,17351,14165,14846,84794,7485
2019-07-10,18015,17021,13505,14316,101527,7028
2019-07-11,17250,14723,13637,14596,78560,6479
2019-07-12,17707,26038,17221,16970,127416,11896
2019-07-13,18735,37145,17232,14985,125739,8944
2019-07-14,18840,33260,16701,13701,145357,7548
2019-07-15,17322,23614,14719,12427,81748,7040
2019-07-16,16700,20546,14482,13976,88521,6799
2019-07-17,16736,20220,14445,14407,52096,6874
2019-07-18,16223,20928,14549,12366,62093,6487
2019-07-19,16388,21591,15021,12007,56251,6246
2019-07-20,16888,24333,16096,14435,133013,6098
2019-07-21,21695,26169,16065,14479,104497,6147
2019-07-22,16223,18380,14700,12215,72082,6042
2019-07-23,16169,15466,13594,11673,62664,5977
2019-07-24,15258,14568,14211,12392,52651,6017
2019-07-25,15525,14530,14556,12323,50182,5866
2019-07-26,15894,20178,15479,11375,67131,6842
2019-07-27,18794,22936,14850,11547,92493,6993
2019-07-28,18607,21194,14777,11849,92574,7794
2019-07-29,17665,15921,14352,10697,54213,7407
2019-07-30,15419,15810,13946,10075,48373,5975
2019-07-31,14992,17123,13534,9532,47674,5916
2019-08-01,15083,15827,13322,11104,41155,6089
2019-08-02,15552,14929,13408,10244,39455,6362
2019-08-03,15030,19103,13717,9912,66300,6378
2019-08-04,15549,19606,13262,10263,81063,7751
2019-08-05,14880,16727,12664,9657,47942,6187
2019-08-06,14835,15260,14467,9521,46375,6101
2019-08-07,14840,14111,16879,9114,43240,5709
2019-08-08,15273,14153,14161,9972,36277,7864
2019-08-09,14854,16526,12882,9698,40443,8133
2019-08-10,16195,21704,13971,9981,75230,7516
2019-08-11,16869,22014,13213,11089,72662,6284
2019-08-12,15987,18164,12745,10698,45581,6232
2019-08-13,15298,16360,13045,9931,40913,6191
2019-08-14,15126,13554,13053,9510,33895,5764
2019-08-15,15124,12771,12924,9580,39913,6619
2019-08-16,15688,16498,15641,10774,48527,6804
2019-08-17,16804,18639,17067,10921,64468,6566
2019-08-18,17500,21581,19236,11933,80163,6171
2019-08-19,16489,16560,15212,10539,53118,5607
2019-08-20,16072,14460,15514,10220,64932,5876
2019-08-21,15515,12973,15211,9685,36263,5801
2019-08-22,17036,13334,16394,11201,31782,6768
2019-08-23,17272,15430,16036,11021,34934,7123
2019-08-24,16660,17515,14899,10813,77547,6238
2019-08-25,17828,17731,15804,11245,76522,5982
2019-08-26,18545,16235,14337,10660,59717,5777
2019-08-27,19199,13640,14210,11189,40588,5952
2019-08-28,20641,12360,14500,11849,44785,6481
2019-08-29,54315,15220,14795,11720,36405,7112
2019-08-30,32715,15255,14816,16353,46035,6559
2019-08-31,23034,21727,14378,16092,52665,6606
2019-09-01,21278,27847,13859,15345,54710,6828
2019-09-02,20245,15674,15262,14389,56837,6660
2019-09-03,18402,13973,13232,34985,39974,6084
2019-09-04,17014,12538,13099,21734,45574,5618
2019-09-05,16754,14132,13280,14522,75686,6109
2019-09-06,17127,13385,13396,13961,70624,6145
2019-09-07,18304,15627,14118,12813,57331,5887
2019-09-08,18503,18423,14485,12678,49300,6445
2019-09-09,16563,14794,13022,11228,32869,6983
2019-09-10,16500,11296,13489,11006,26377,6619
2019-09-11,16577,11069,13232,10546,25283,5924
2019-09-12,16423,11740,14121,9975,28003,6145
2019-09-13,17187,13157,14578,10295,29238,6065
2019-09-14,17521,14300,14131,10919,38901,6861
2019-09-15,19311,13942,14187,12751,44049,7190
2019-09-16,18327,12908,13582,14038,43994,5955
2019-09-17,18622,13124,13714,11544,25715,5589
2019-09-18,18717,11993,13438,11393,30320,5630
2019-09-19,19025,12080,13495,10655,31811,6238
2019-09-20,17938,12179,13469,9754,79325,6058
2019-09-21,18405,15512,14123,10916,93741,6824
2019-09-22,20298,14036,14671,11901,90572,7284
2019-09-23,17841,11794,13303,9769,50381,6482
2019-09-24,16785,10762,14468,9514,38777,6522
2019-09-25,17051,12064,15427,12133,40601,7703
2019-09-26,17349,13983,15075,13603,37588,8547
2019-09-27,17612,12519,16059,17609,45678,20960
2019-09-28,17394,15286,15234,23057,66647,10190
2019-09-29,17748,15357,14578,17129,76233,10367
2019-09-30,16348,13251,13331,27631,34609,8109
2019-10-01,15736,13108,13098,56333,28218,7380
2019-10-02,16355,13334,12929,43375,30272,7296
2019-10-03,16991,13336,13096,25129,28810,6497
2019-10-04,16652,14636,15111,23626,38306,8146
2019-10-05,17334,18123,13131,33883,43639,6615
2019-10-06,18095,17442,12554,24090,50282,6448
2019-10-07,16835,14227,12081,21910,28927,5540
2019-10-08,16373,13487,11603,38821,24690,5745
2019-10-09,16404,11848,12188,26056,26694,6227
2019-10-10,16362,12263,12779,18995,28512,5928
2019-10-11,16001,12402,12366,15894,32970,6659
2019-10-12,16811,16157,13219,16682,41228,6407
2019-10-13,18045,16038,12958,17487,50742,5622
2019-10-14,17974,12964,12321,13662,31397,5463
2019-10-15,17601,12273,12613,13511,25599,5314
2019-10-16,16772,13419,13669,19046,24915,5599
2019-10-17,16402,13779,28885,13605,25815,9142
2019-10-18,16300,25793,19604,14077,31325,10040
2019-10-19,17532,27255,16601,16403,53927,6279
2019-10-20,18896,20579,15041,16404,43949,5883
2019-10-21,16673,16940,13917,14140,29858,5540
2019-10-22,16879,13535,13537,14791,27841,5521
2019-10-23,17309,13580,14175,26018,26105,5625
2019-10-24,17775,13986,14246,29751,26867,5572
2019-10-25,16255,14703,17045,24011,31722,5595
2019-10-26,16777,15586,14940,21768,52724,5221
2019-10-27,18023,18436,15250,20891,44440,5556
2019-10-28,17937,13732,12791,23926,35767,5498
2019-10-29,18198,13031,13532,17586,28384,5989
2019-10-30,19466,11457,17673,15247,24924,6136
2019-10-31,20541,12390,14572,13610,28564,5310
2019-11-01,19482,14309,13321,12599,29039,5165
2019-11-02,19247,16346,14289,12892,35403,8083
2019-11-03,20042,18430,15540,13184,35850,6640
2019-11-04,18673,13571,14089,11887,23977,6502
2019-11-05,18531,10973,14319,12231,21466,7528
2019-11-06,18421,12824,14495,11870,22800,6167
2019-11-07,19262,16435,13847,11290,23254,5645
2019-11-08,18152,12584,12975,10851,24214,5406
2019-11-09,18302,14567,13006,10722,38394,5390
2019-11-10,18659,14226,12937,13319,40584,5502
2019-11-11,18518,13446,13255,12596,25948,5866
2019-11-12,18526,12213,12503,13357,21137,6276
2019-11-13,18543,10335,12318,12157,26863,6186
2019-11-14,19505,10319,12518,10670,20350,6283
2019-11-15,21266,10930,11960,10710,23235,6002
2019-11-16,26795,13319,12594,10898,33807,6113
2019-11-17,22874,13059,12014,11037,47655,5519
2019-11-18,20216,10746,11603,10461,24430,5135
2019-11-19,18180,9488,11555,9798,21062,5239
2019-11-20,17699,10739,12836,9597,19499,5639
2019-11-21,17666,10972,13267,10191,34251,6888
2019-11-22,17259,10412,12377,11263,22744,6450
2019-11-23,18032,11820,11438,14213,40684,5836
2019-11-24,19613,12396,13181,11990,83726,5385
2019-11-25,19245,11055,11795,13186,40529,5175
2019-11-26,18054,10404,11070,11975,37006,4823
2019-11-27,17582,9861,11189,11415,23809,4831
2019-11-28,17970,9804,11781,10450,38850,5183
2019-11-29,17962,10008,12326,10124,40976,5252
2019-11-30,18789,10769,12220,10766,42741,5138
2019-12-01,19207,11900,12341,11058,60854,6366
2019-12-02,17123,9926,11201,9635,31204,6155
2019-12-03,17126,9133,12048,9915,23420,6594
2019-12-04,16969,10370,12555,11282,21539,5860
2019-12-05,16791,13360,12305,10020,24814,6527
2019-12-06,17267,11334,13367,9845,21852,6035
2019-12-07,17261,11152,13737,10104,27879,6055
2019-12-08,18475,14274,15061,10081,35155,7831
2019-12-09,17916,10758,16932,9087,21501,7749
2019-12-10,17297,11179,28796,9429,18616,6799
2019-12-11,17381,9244,28450,9284,20718,7616
2019-12-12,16755,8571,22776,10320,18057,6347
2019-12-13,16504,9176,21572,9388,22631,6398
2019-12-14,17348,10550,18146,9914,29434,5836
2019-12-15,17664,11291,17175,10296,51131,5338
2019-12-16,16965,11046,16140,10592,25480,6384
2019-12-17,18439,10027,15410,11168,19390,5754
2019-12-18,17724,10543,14599,11362,23586,5708
2019-12-19,16633,9583,14873,9698,36076,4880
2019-12-20,15967,9976,15662,10481,26439,5697
2019-12-21,16367,11540,14477,11718,39901,4878
2019-12-22,17037,12566,13233,10926,34294,5264
2019-12-23,16438,11044,12888,12043,27236,5410
2019-12-24,17746,10296,12660,16876,32124,9586
2019-12-25,21576,11773,11826,16855,49786,7393
2019-12-26,19100,12293,13537,19453,66364,7971
2019-12-27,19088,12732,14265,14897,33449,6832
2019-12-28,19614,18288,14147,14000,35888,6488
2019-12-29,19856,14775,12739,13706,47752,6367
2019-12-30,19025,13510,12687,15319,31510,6176
2019-12-31,19619,15268,12717,17196,57970,7052
